"(0,)",tensor(20.0400)
"(1,)",tensor(19.8600)
"(0, 1)",tensor(37.7600)
"(2,)",tensor(21.3500)
"(0, 2)",tensor(30.9300)
"(1, 2)",tensor(39.7700)
"(0, 1, 2)",tensor(46.8300)
"(3,)",tensor(19.8000)
"(0, 3)",tensor(38.4600)
"(1, 3)",tensor(37.6200)
"(0, 1, 3)",tensor(54.3400)
"(2, 3)",tensor(40.4000)
"(0, 2, 3)",tensor(48.6400)
"(1, 2, 3)",tensor(57.3500)
"(0, 1, 2, 3)",tensor(62.9200)
"(4,)",tensor(21.1500)
"(0, 4)",tensor(40.0500)
"(1, 4)",tensor(30.3800)
"(0, 1, 4)",tensor(47.2200)
"(2, 4)",tensor(30.5500)
"(0, 2, 4)",tensor(38.4500)
"(1, 2, 4)",tensor(38.6700)
"(0, 1, 2, 4)",tensor(45.9300)
"(3, 4)",tensor(40.5900)
"(0, 3, 4)",tensor(57.6700)
"(1, 3, 4)",tensor(47.9000)
"(0, 1, 3, 4)",tensor(63.4600)
"(2, 3, 4)",tensor(49.1200)
"(0, 2, 3, 4)",tensor(55.6400)
"(1, 2, 3, 4)",tensor(55.4600)
"(0, 1, 2, 3, 4)",tensor(62.0700)
"(5,)",tensor(19.4900)
"(0, 5)",tensor(29.0100)
"(1, 5)",tensor(37.5400)
"(0, 1, 5)",tensor(44.8100)
"(2, 5)",tensor(39.6600)
"(0, 2, 5)",tensor(39.6400)
"(1, 2, 5)",tensor(56.0400)
"(0, 1, 2, 5)",tensor(53.8200)
"(3, 5)",tensor(37.9400)
"(0, 3, 5)",tensor(46.4500)
"(1, 3, 5)",tensor(53.5500)
"(0, 1, 3, 5)",tensor(60.8300)
"(2, 3, 5)",tensor(57.1400)
"(0, 2, 3, 5)",tensor(56.6100)
"(1, 2, 3, 5)",tensor(71.7100)
"(0, 1, 2, 3, 5)",tensor(68.6800)
"(4, 5)",tensor(39.8200)
"(0, 4, 5)",tensor(48.3500)
"(1, 4, 5)",tensor(46.7800)
"(0, 1, 4, 5)",tensor(54.5900)
"(2, 4, 5)",tensor(47.8000)
"(0, 2, 4, 5)",tensor(47.7000)
"(1, 2, 4, 5)",tensor(53.8400)
"(0, 1, 2, 4, 5)",tensor(53.7900)
"(3, 4, 5)",tensor(57.5300)
"(0, 3, 4, 5)",tensor(65.3200)
"(1, 3, 4, 5)",tensor(62.4700)
"(0, 1, 3, 4, 5)",tensor(70.6200)
"(2, 3, 4, 5)",tensor(64.3100)
"(0, 2, 3, 4, 5)",tensor(63.4900)
"(1, 2, 3, 4, 5)",tensor(68.9100)
"(0, 1, 2, 3, 4, 5)",tensor(68.3200)
"(6,)",tensor(19.8200)
"(0, 6)",tensor(28.9900)
"(1, 6)",tensor(29.1000)
"(0, 1, 6)",tensor(36.9600)
"(2, 6)",tensor(30.5500)
"(0, 2, 6)",tensor(38.3300)
"(1, 2, 6)",tensor(39.2900)
"(0, 1, 2, 6)",tensor(46.0900)
"(3, 6)",tensor(38.9700)
"(0, 3, 6)",tensor(46.6200)
"(1, 3, 6)",tensor(46.3400)
"(0, 1, 3, 6)",tensor(53.5800)
"(2, 3, 6)",tensor(49.1900)
"(0, 2, 3, 6)",tensor(54.4200)
"(1, 2, 3, 6)",tensor(56.5700)
"(0, 1, 2, 3, 6)",tensor(62.5800)
"(4, 6)",tensor(30.5300)
"(0, 4, 6)",tensor(40.0400)
"(1, 4, 6)",tensor(38.2500)
"(0, 1, 4, 6)",tensor(46.3100)
"(2, 4, 6)",tensor(31.0200)
"(0, 2, 4, 6)",tensor(38.9500)
"(1, 2, 4, 6)",tensor(38.4000)
"(0, 1, 2, 4, 6)",tensor(44.7000)
"(3, 4, 6)",tensor(49.5100)
"(0, 3, 4, 6)",tensor(57.6500)
"(1, 3, 4, 6)",tensor(55.7200)
"(0, 1, 3, 4, 6)",tensor(63.1700)
"(2, 3, 4, 6)",tensor(48.9000)
"(0, 2, 3, 4, 6)",tensor(55.7800)
"(1, 2, 3, 4, 6)",tensor(55.5700)
"(0, 1, 2, 3, 4, 6)",tensor(60.4600)
"(5, 6)",tensor(38.1000)
"(0, 5, 6)",tensor(37.5300)
"(1, 5, 6)",tensor(44.9500)
"(0, 1, 5, 6)",tensor(45.3700)
"(2, 5, 6)",tensor(48.0600)
"(0, 2, 5, 6)",tensor(46.5100)
"(1, 2, 5, 6)",tensor(55.4000)
"(0, 1, 2, 5, 6)",tensor(53.9800)
"(3, 5, 6)",tensor(55.4500)
"(0, 3, 5, 6)",tensor(54.8000)
"(1, 3, 5, 6)",tensor(61.4900)
"(0, 1, 3, 5, 6)",tensor(60.6400)
"(2, 3, 5, 6)",tensor(64.9900)
"(0, 2, 3, 5, 6)",tensor(61.5900)
"(1, 2, 3, 5, 6)",tensor(70.5400)
"(0, 1, 2, 3, 5, 6)",tensor(68.4800)
"(4, 5, 6)",tensor(48.1300)
"(0, 4, 5, 6)",tensor(48.6200)
"(1, 4, 5, 6)",tensor(52.9500)
"(0, 1, 4, 5, 6)",tensor(54.0300)
"(2, 4, 5, 6)",tensor(47.2700)
"(0, 2, 4, 5, 6)",tensor(48.2400)
"(1, 2, 4, 5, 6)",tensor(52.1600)
"(0, 1, 2, 4, 5, 6)",tensor(53.3600)
"(3, 4, 5, 6)",tensor(64.9800)
"(0, 3, 4, 5, 6)",tensor(65.0400)
"(1, 3, 4, 5, 6)",tensor(69.5900)
"(0, 1, 3, 4, 5, 6)",tensor(68.5000)
"(2, 3, 4, 5, 6)",tensor(63.7100)
"(0, 2, 3, 4, 5, 6)",tensor(63.9500)
"(1, 2, 3, 4, 5, 6)",tensor(67.2600)
"(0, 1, 2, 3, 4, 5, 6)",tensor(66.5400)
"(7,)",tensor(30.7700)
"(0, 7)",tensor(39.9200)
"(1, 7)",tensor(47.2600)
"(0, 1, 7)",tensor(54.6400)
"(2, 7)",tensor(40.0100)
"(0, 2, 7)",tensor(39.8800)
"(1, 2, 7)",tensor(55.9000)
"(0, 1, 2, 7)",tensor(53.5900)
"(3, 7)",tensor(39.3100)
"(0, 3, 7)",tensor(48.8200)
"(1, 3, 7)",tensor(53.7300)
"(0, 1, 3, 7)",tensor(61.5800)
"(2, 3, 7)",tensor(48.3900)
"(0, 2, 3, 7)",tensor(49.4300)
"(1, 2, 3, 7)",tensor(61.7900)
"(0, 1, 2, 3, 7)",tensor(61.5900)
"(4, 7)",tensor(39.8600)
"(0, 4, 7)",tensor(48.6800)
"(1, 4, 7)",tensor(45.9800)
"(0, 1, 4, 7)",tensor(54.2100)
"(2, 4, 7)",tensor(47.9100)
"(0, 2, 4, 7)",tensor(47.2300)
"(1, 2, 4, 7)",tensor(53.8300)
"(0, 1, 2, 4, 7)",tensor(53.8800)
"(3, 4, 7)",tensor(48.0600)
"(0, 3, 4, 7)",tensor(57.9100)
"(1, 3, 4, 7)",tensor(53.0900)
"(0, 1, 3, 4, 7)",tensor(61.6600)
"(2, 3, 4, 7)",tensor(56.3700)
"(0, 2, 3, 4, 7)",tensor(56.0400)
"(1, 2, 3, 4, 7)",tensor(60.8600)
"(0, 1, 2, 3, 4, 7)",tensor(60.4500)
"(5, 7)",tensor(39.4000)
"(0, 5, 7)",tensor(46.1700)
"(1, 5, 7)",tensor(54.8400)
"(0, 1, 5, 7)",tensor(58.9700)
"(2, 5, 7)",tensor(48.4800)
"(0, 2, 5, 7)",tensor(46.6000)
"(1, 2, 5, 7)",tensor(63.2500)
"(0, 1, 2, 5, 7)",tensor(57.8100)
"(3, 5, 7)",tensor(48.5100)
"(0, 3, 5, 7)",tensor(54.)
"(1, 3, 5, 7)",tensor(62.8000)
"(0, 1, 3, 5, 7)",tensor(66.7800)
"(2, 3, 5, 7)",tensor(57.5600)
"(0, 2, 3, 5, 7)",tensor(56.5700)
"(1, 2, 3, 5, 7)",tensor(70.5500)
"(0, 1, 2, 3, 5, 7)",tensor(66.)
"(4, 5, 7)",tensor(48.5200)
"(0, 4, 5, 7)",tensor(54.7800)
"(1, 4, 5, 7)",tensor(54.5600)
"(0, 1, 4, 5, 7)",tensor(59.3300)
"(2, 4, 5, 7)",tensor(56.8200)
"(0, 2, 4, 5, 7)",tensor(53.6000)
"(1, 2, 4, 5, 7)",tensor(61.5600)
"(0, 1, 2, 4, 5, 7)",tensor(58.8700)
"(3, 4, 5, 7)",tensor(57.6800)
"(0, 3, 4, 5, 7)",tensor(64.0300)
"(1, 3, 4, 5, 7)",tensor(61.9700)
"(0, 1, 3, 4, 5, 7)",tensor(66.0600)
"(2, 3, 4, 5, 7)",tensor(65.5600)
"(0, 2, 3, 4, 5, 7)",tensor(62.3300)
"(1, 2, 3, 4, 5, 7)",tensor(68.9100)
"(0, 1, 2, 3, 4, 5, 7)",tensor(66.9300)
"(6, 7)",tensor(49.1300)
"(0, 6, 7)",tensor(48.2800)
"(1, 6, 7)",tensor(54.5300)
"(0, 1, 6, 7)",tensor(54.7400)
"(2, 6, 7)",tensor(48.2100)
"(0, 2, 6, 7)",tensor(46.6200)
"(1, 2, 6, 7)",tensor(55.0100)
"(0, 1, 2, 6, 7)",tensor(53.9000)
"(3, 6, 7)",tensor(56.9700)
"(0, 3, 6, 7)",tensor(56.6500)
"(1, 3, 6, 7)",tensor(61.9000)
"(0, 1, 3, 6, 7)",tensor(62.4800)
"(2, 3, 6, 7)",tensor(56.8700)
"(0, 2, 3, 6, 7)",tensor(55.9500)
"(1, 2, 3, 6, 7)",tensor(62.2800)
"(0, 1, 2, 3, 6, 7)",tensor(62.0500)
"(4, 6, 7)",tensor(48.4600)
"(0, 4, 6, 7)",tensor(49.1400)
"(1, 4, 6, 7)",tensor(53.5400)
"(0, 1, 4, 6, 7)",tensor(54.2800)
"(2, 4, 6, 7)",tensor(47.4900)
"(0, 2, 4, 6, 7)",tensor(48.3800)
"(1, 2, 4, 6, 7)",tensor(52.2100)
"(0, 1, 2, 4, 6, 7)",tensor(53.0800)
"(3, 4, 6, 7)",tensor(56.9600)
"(0, 3, 4, 6, 7)",tensor(58.3400)
"(1, 3, 4, 6, 7)",tensor(60.4900)
"(0, 1, 3, 4, 6, 7)",tensor(61.4700)
"(2, 3, 4, 6, 7)",tensor(56.7700)
"(0, 2, 3, 4, 6, 7)",tensor(57.4200)
"(1, 2, 3, 4, 6, 7)",tensor(59.7000)
"(0, 1, 2, 3, 4, 6, 7)",tensor(61.0900)
"(5, 6, 7)",tensor(57.0300)
"(0, 5, 6, 7)",tensor(54.4100)
"(1, 5, 6, 7)",tensor(63.7000)
"(0, 1, 5, 6, 7)",tensor(59.5400)
"(2, 5, 6, 7)",tensor(56.6600)
"(0, 2, 5, 6, 7)",tensor(52.4200)
"(1, 2, 5, 6, 7)",tensor(63.2800)
"(0, 1, 2, 5, 6, 7)",tensor(60.0800)
"(3, 5, 6, 7)",tensor(65.4400)
"(0, 3, 5, 6, 7)",tensor(61.8700)
"(1, 3, 5, 6, 7)",tensor(70.0200)
"(0, 1, 3, 5, 6, 7)",tensor(67.6300)
"(2, 3, 5, 6, 7)",tensor(66.0600)
"(0, 2, 3, 5, 6, 7)",tensor(61.2200)
"(1, 2, 3, 5, 6, 7)",tensor(71.3900)
"(0, 1, 2, 3, 5, 6, 7)",tensor(66.4500)
"(4, 5, 6, 7)",tensor(57.0400)
"(0, 4, 5, 6, 7)",tensor(56.2200)
"(1, 4, 5, 6, 7)",tensor(60.9800)
"(0, 1, 4, 5, 6, 7)",tensor(58.5900)
"(2, 4, 5, 6, 7)",tensor(56.9600)
"(0, 2, 4, 5, 6, 7)",tensor(54.2400)
"(1, 2, 4, 5, 6, 7)",tensor(60.8900)
"(0, 1, 2, 4, 5, 6, 7)",tensor(57.8300)
"(3, 4, 5, 6, 7)",tensor(66.0500)
"(0, 3, 4, 5, 6, 7)",tensor(65.3900)
"(1, 3, 4, 5, 6, 7)",tensor(69.1500)
"(0, 1, 3, 4, 5, 6, 7)",tensor(66.9900)
"(2, 3, 4, 5, 6, 7)",tensor(66.4300)
"(0, 2, 3, 4, 5, 6, 7)",tensor(63.9100)
"(1, 2, 3, 4, 5, 6, 7)",tensor(68.5800)
"(0, 1, 2, 3, 4, 5, 6, 7)",tensor(65.4800)
"(8,)",tensor(9.7400)
"(0, 8)",tensor(28.5400)
"(1, 8)",tensor(19.3400)
"(0, 1, 8)",tensor(34.2800)
"(2, 8)",tensor(30.0700)
"(0, 2, 8)",tensor(38.6500)
"(1, 2, 8)",tensor(36.1700)
"(0, 1, 2, 8)",tensor(42.8600)
"(3, 8)",tensor(28.2900)
"(0, 3, 8)",tensor(46.0900)
"(1, 3, 8)",tensor(34.0800)
"(0, 1, 3, 8)",tensor(50.0500)
"(2, 3, 8)",tensor(47.9600)
"(0, 2, 3, 8)",tensor(55.7900)
"(1, 2, 3, 8)",tensor(51.2300)
"(0, 1, 2, 3, 8)",tensor(57.1500)
"(4, 8)",tensor(30.0600)
"(0, 4, 8)",tensor(47.7000)
"(1, 4, 8)",tensor(28.3600)
"(0, 1, 4, 8)",tensor(44.1900)
"(2, 4, 8)",tensor(39.0400)
"(0, 2, 4, 8)",tensor(45.5200)
"(1, 2, 4, 8)",tensor(39.0500)
"(0, 1, 2, 4, 8)",tensor(45.4400)
"(3, 4, 8)",tensor(48.0900)
"(0, 3, 4, 8)",tensor(64.8900)
"(1, 3, 4, 8)",tensor(45.1100)
"(0, 1, 3, 4, 8)",tensor(58.5600)
"(2, 3, 4, 8)",tensor(56.3700)
"(0, 2, 3, 4, 8)",tensor(61.2800)
"(1, 2, 3, 4, 8)",tensor(54.0700)
"(0, 1, 2, 3, 4, 8)",tensor(59.8300)
"(5, 8)",tensor(28.0600)
"(0, 5, 8)",tensor(37.1800)
"(1, 5, 8)",tensor(33.8000)
"(0, 1, 5, 8)",tensor(45.4500)
"(2, 5, 8)",tensor(47.5400)
"(0, 2, 5, 8)",tensor(47.2500)
"(1, 2, 5, 8)",tensor(52.0500)
"(0, 1, 2, 5, 8)",tensor(52.3300)
"(3, 5, 8)",tensor(45.2200)
"(0, 3, 5, 8)",tensor(53.3200)
"(1, 3, 5, 8)",tensor(49.3700)
"(0, 1, 3, 5, 8)",tensor(58.8200)
"(2, 3, 5, 8)",tensor(64.1900)
"(0, 2, 3, 5, 8)",tensor(62.6600)
"(1, 2, 3, 5, 8)",tensor(65.4300)
"(0, 1, 2, 3, 5, 8)",tensor(66.8900)
"(4, 5, 8)",tensor(47.5700)
"(0, 4, 5, 8)",tensor(55.9000)
"(1, 4, 5, 8)",tensor(43.0900)
"(0, 1, 4, 5, 8)",tensor(54.0400)
"(2, 4, 5, 8)",tensor(54.7800)
"(0, 2, 4, 5, 8)",tensor(53.4300)
"(1, 2, 4, 5, 8)",tensor(52.4400)
"(0, 1, 2, 4, 5, 8)",tensor(55.8200)
"(3, 4, 5, 8)",tensor(63.9000)
"(0, 3, 4, 5, 8)",tensor(71.4300)
"(1, 3, 4, 5, 8)",tensor(59.1900)
"(0, 1, 3, 4, 5, 8)",tensor(67.4900)
"(2, 3, 4, 5, 8)",tensor(71.4300)
"(0, 2, 3, 4, 5, 8)",tensor(68.9000)
"(1, 2, 3, 4, 5, 8)",tensor(66.8300)
"(0, 1, 2, 3, 4, 5, 8)",tensor(68.)
"(6, 8)",tensor(28.7300)
"(0, 6, 8)",tensor(36.9900)
"(1, 6, 8)",tensor(28.8300)
"(0, 1, 6, 8)",tensor(35.0300)
"(2, 6, 8)",tensor(38.8900)
"(0, 2, 6, 8)",tensor(45.2300)
"(1, 2, 6, 8)",tensor(38.1100)
"(0, 1, 2, 6, 8)",tensor(42.5300)
"(3, 6, 8)",tensor(46.6200)
"(0, 3, 6, 8)",tensor(53.7200)
"(1, 3, 6, 8)",tensor(43.9900)
"(0, 1, 3, 6, 8)",tensor(50.5300)
"(2, 3, 6, 8)",tensor(56.0700)
"(0, 2, 3, 6, 8)",tensor(61.4500)
"(1, 2, 3, 6, 8)",tensor(52.7900)
"(0, 1, 2, 3, 6, 8)",tensor(58.1100)
"(4, 6, 8)",tensor(38.8700)
"(0, 4, 6, 8)",tensor(47.3100)
"(1, 4, 6, 8)",tensor(36.9600)
"(0, 1, 4, 6, 8)",tensor(43.7200)
"(2, 4, 6, 8)",tensor(38.7800)
"(0, 2, 4, 6, 8)",tensor(45.2200)
"(1, 2, 4, 6, 8)",tensor(39.6700)
"(0, 1, 2, 4, 6, 8)",tensor(44.7400)
"(3, 4, 6, 8)",tensor(56.4200)
"(0, 3, 4, 6, 8)",tensor(63.8800)
"(1, 3, 4, 6, 8)",tensor(52.2300)
"(0, 1, 3, 4, 6, 8)",tensor(59.4600)
"(2, 3, 4, 6, 8)",tensor(55.4500)
"(0, 2, 3, 4, 6, 8)",tensor(60.5600)
"(1, 2, 3, 4, 6, 8)",tensor(53.3100)
"(0, 1, 2, 3, 4, 6, 8)",tensor(57.7000)
"(5, 6, 8)",tensor(46.1100)
"(0, 5, 6, 8)",tensor(44.9800)
"(1, 5, 6, 8)",tensor(43.0100)
"(0, 1, 5, 6, 8)",tensor(46.0500)
"(2, 5, 6, 8)",tensor(55.5200)
"(0, 2, 5, 6, 8)",tensor(52.7800)
"(1, 2, 5, 6, 8)",tensor(51.8200)
"(0, 1, 2, 5, 6, 8)",tensor(53.6800)
"(3, 5, 6, 8)",tensor(62.8300)
"(0, 3, 5, 6, 8)",tensor(60.8200)
"(1, 3, 5, 6, 8)",tensor(58.0100)
"(0, 1, 3, 5, 6, 8)",tensor(60.0500)
"(2, 3, 5, 6, 8)",tensor(70.8700)
"(0, 2, 3, 5, 6, 8)",tensor(67.2600)
"(1, 2, 3, 5, 6, 8)",tensor(65.5400)
"(0, 1, 2, 3, 5, 6, 8)",tensor(65.8900)
"(4, 5, 6, 8)",tensor(54.6700)
"(0, 4, 5, 6, 8)",tensor(55.2700)
"(1, 4, 5, 6, 8)",tensor(50.7600)
"(0, 1, 4, 5, 6, 8)",tensor(53.2500)
"(2, 4, 5, 6, 8)",tensor(53.5500)
"(0, 2, 4, 5, 6, 8)",tensor(54.)
"(1, 2, 4, 5, 6, 8)",tensor(51.7800)
"(0, 1, 2, 4, 5, 6, 8)",tensor(54.8600)
"(3, 4, 5, 6, 8)",tensor(71.2300)
"(0, 3, 4, 5, 6, 8)",tensor(69.7800)
"(1, 3, 4, 5, 6, 8)",tensor(63.3400)
"(0, 1, 3, 4, 5, 6, 8)",tensor(66.3900)
"(2, 3, 4, 5, 6, 8)",tensor(68.8900)
"(0, 2, 3, 4, 5, 6, 8)",tensor(66.4700)
"(1, 2, 3, 4, 5, 6, 8)",tensor(64.2600)
"(0, 1, 2, 3, 4, 5, 6, 8)",tensor(66.1800)
"(7, 8)",tensor(37.8600)
"(0, 7, 8)",tensor(47.2600)
"(1, 7, 8)",tensor(40.0400)
"(0, 1, 7, 8)",tensor(51.1500)
"(2, 7, 8)",tensor(47.3600)
"(0, 2, 7, 8)",tensor(46.7400)
"(1, 2, 7, 8)",tensor(51.5900)
"(0, 1, 2, 7, 8)",tensor(52.9200)
"(3, 7, 8)",tensor(46.1400)
"(0, 3, 7, 8)",tensor(54.5200)
"(1, 3, 7, 8)",tensor(51.0100)
"(0, 1, 3, 7, 8)",tensor(61.6400)
"(2, 3, 7, 8)",tensor(55.4200)
"(0, 2, 3, 7, 8)",tensor(54.8100)
"(1, 2, 3, 7, 8)",tensor(62.6500)
"(0, 1, 2, 3, 7, 8)",tensor(62.8900)
"(4, 7, 8)",tensor(47.0800)
"(0, 4, 7, 8)",tensor(55.2400)
"(1, 4, 7, 8)",tensor(43.7700)
"(0, 1, 4, 7, 8)",tensor(53.8700)
"(2, 4, 7, 8)",tensor(54.9000)
"(0, 2, 4, 7, 8)",tensor(52.7400)
"(1, 2, 4, 7, 8)",tensor(51.6200)
"(0, 1, 2, 4, 7, 8)",tensor(53.7200)
"(3, 4, 7, 8)",tensor(54.2000)
"(0, 3, 4, 7, 8)",tensor(62.5500)
"(1, 3, 4, 7, 8)",tensor(54.4800)
"(0, 1, 3, 4, 7, 8)",tensor(63.8900)
"(2, 3, 4, 7, 8)",tensor(61.9400)
"(0, 2, 3, 4, 7, 8)",tensor(60.6800)
"(1, 2, 3, 4, 7, 8)",tensor(61.8200)
"(0, 1, 2, 3, 4, 7, 8)",tensor(64.1600)
"(5, 7, 8)",tensor(46.8800)
"(0, 5, 7, 8)",tensor(52.4500)
"(1, 5, 7, 8)",tensor(50.6700)
"(0, 1, 5, 7, 8)",tensor(57.6500)
"(2, 5, 7, 8)",tensor(55.9400)
"(0, 2, 5, 7, 8)",tensor(53.4500)
"(1, 2, 5, 7, 8)",tensor(61.8900)
"(0, 1, 2, 5, 7, 8)",tensor(59.2500)
"(3, 5, 7, 8)",tensor(54.7800)
"(0, 3, 5, 7, 8)",tensor(59.6900)
"(1, 3, 5, 7, 8)",tensor(61.3800)
"(0, 1, 3, 5, 7, 8)",tensor(66.9400)
"(2, 3, 5, 7, 8)",tensor(63.5400)
"(0, 2, 3, 5, 7, 8)",tensor(60.0300)
"(1, 2, 3, 5, 7, 8)",tensor(71.8100)
"(0, 1, 2, 3, 5, 7, 8)",tensor(69.0600)
"(4, 5, 7, 8)",tensor(55.7000)
"(0, 4, 5, 7, 8)",tensor(60.3900)
"(1, 4, 5, 7, 8)",tensor(53.3400)
"(0, 1, 4, 5, 7, 8)",tensor(58.9300)
"(2, 4, 5, 7, 8)",tensor(62.9200)
"(0, 2, 4, 5, 7, 8)",tensor(58.4800)
"(1, 2, 4, 5, 7, 8)",tensor(60.0800)
"(0, 1, 2, 4, 5, 7, 8)",tensor(60.1200)
"(3, 4, 5, 7, 8)",tensor(62.4400)
"(0, 3, 4, 5, 7, 8)",tensor(68.0400)
"(1, 3, 4, 5, 7, 8)",tensor(64.0200)
"(0, 1, 3, 4, 5, 7, 8)",tensor(70.6000)
"(2, 3, 4, 5, 7, 8)",tensor(70.3500)
"(0, 2, 3, 4, 5, 7, 8)",tensor(65.5900)
"(1, 2, 3, 4, 5, 7, 8)",tensor(71.2500)
"(0, 1, 2, 3, 4, 5, 7, 8)",tensor(69.9700)
"(6, 7, 8)",tensor(55.7700)
"(0, 6, 7, 8)",tensor(54.4300)
"(1, 6, 7, 8)",tensor(48.6500)
"(0, 1, 6, 7, 8)",tensor(51.9600)
"(2, 6, 7, 8)",tensor(55.3800)
"(0, 2, 6, 7, 8)",tensor(52.2100)
"(1, 2, 6, 7, 8)",tensor(51.6800)
"(0, 1, 2, 6, 7, 8)",tensor(53.4600)
"(3, 6, 7, 8)",tensor(63.4100)
"(0, 3, 6, 7, 8)",tensor(62.0400)
"(1, 3, 6, 7, 8)",tensor(60.2700)
"(0, 1, 3, 6, 7, 8)",tensor(61.0400)
"(2, 3, 6, 7, 8)",tensor(62.4300)
"(0, 2, 3, 6, 7, 8)",tensor(60.2200)
"(1, 2, 3, 6, 7, 8)",tensor(62.6600)
"(0, 1, 2, 3, 6, 7, 8)",tensor(63.9800)
"(4, 6, 7, 8)",tensor(55.4700)
"(0, 4, 6, 7, 8)",tensor(55.4000)
"(1, 4, 6, 7, 8)",tensor(51.6300)
"(0, 1, 4, 6, 7, 8)",tensor(54.0700)
"(2, 4, 6, 7, 8)",tensor(53.7700)
"(0, 2, 4, 6, 7, 8)",tensor(53.6900)
"(1, 2, 4, 6, 7, 8)",tensor(50.8600)
"(0, 1, 2, 4, 6, 7, 8)",tensor(53.3100)
"(3, 4, 6, 7, 8)",tensor(62.4500)
"(0, 3, 4, 6, 7, 8)",tensor(63.0100)
"(1, 3, 4, 6, 7, 8)",tensor(61.5900)
"(0, 1, 3, 4, 6, 7, 8)",tensor(64.8600)
"(2, 3, 4, 6, 7, 8)",tensor(60.9300)
"(0, 2, 3, 4, 6, 7, 8)",tensor(61.4600)
"(1, 2, 3, 4, 6, 7, 8)",tensor(61.3100)
"(0, 1, 2, 3, 4, 6, 7, 8)",tensor(63.6100)
"(5, 6, 7, 8)",tensor(63.7000)
"(0, 5, 6, 7, 8)",tensor(59.9400)
"(1, 5, 6, 7, 8)",tensor(58.4300)
"(0, 1, 5, 6, 7, 8)",tensor(58.5800)
"(2, 5, 6, 7, 8)",tensor(62.6200)
"(0, 2, 5, 6, 7, 8)",tensor(57.2500)
"(1, 2, 5, 6, 7, 8)",tensor(62.0300)
"(0, 1, 2, 5, 6, 7, 8)",tensor(59.2500)
"(3, 5, 6, 7, 8)",tensor(70.8600)
"(0, 3, 5, 6, 7, 8)",tensor(65.8300)
"(1, 3, 5, 6, 7, 8)",tensor(69.0500)
"(0, 1, 3, 5, 6, 7, 8)",tensor(68.0500)
"(2, 3, 5, 6, 7, 8)",tensor(70.4700)
"(0, 2, 3, 5, 6, 7, 8)",tensor(65.4400)
"(1, 2, 3, 5, 6, 7, 8)",tensor(72.7100)
"(0, 1, 2, 3, 5, 6, 7, 8)",tensor(70.7700)
"(4, 5, 6, 7, 8)",tensor(63.1200)
"(0, 4, 5, 6, 7, 8)",tensor(60.4000)
"(1, 4, 5, 6, 7, 8)",tensor(60.7900)
"(0, 1, 4, 5, 6, 7, 8)",tensor(59.9100)
"(2, 4, 5, 6, 7, 8)",tensor(61.8900)
"(0, 2, 4, 5, 6, 7, 8)",tensor(59.0300)
"(1, 2, 4, 5, 6, 7, 8)",tensor(60.5200)
"(0, 1, 2, 4, 5, 6, 7, 8)",tensor(58.2900)
"(3, 4, 5, 6, 7, 8)",tensor(71.2400)
"(0, 3, 4, 5, 6, 7, 8)",tensor(67.4400)
"(1, 3, 4, 5, 6, 7, 8)",tensor(69.8700)
"(0, 1, 3, 4, 5, 6, 7, 8)",tensor(70.9600)
"(2, 3, 4, 5, 6, 7, 8)",tensor(70.1000)
"(0, 2, 3, 4, 5, 6, 7, 8)",tensor(68.0700)
"(1, 2, 3, 4, 5, 6, 7, 8)",tensor(70.5900)
"(0, 1, 2, 3, 4, 5, 6, 7, 8)",tensor(68.5700)
"(9,)",tensor(10.0900)
"(0, 9)",tensor(28.0700)
"(1, 9)",tensor(27.0700)
"(0, 1, 9)",tensor(43.1800)
"(2, 9)",tensor(29.8900)
"(0, 2, 9)",tensor(36.2100)
"(1, 2, 9)",tensor(46.5000)
"(0, 1, 2, 9)",tensor(50.5400)
"(3, 9)",tensor(29.0900)
"(0, 3, 9)",tensor(45.9300)
"(1, 3, 9)",tensor(45.1000)
"(0, 1, 3, 9)",tensor(59.7400)
"(2, 3, 9)",tensor(48.5500)
"(0, 2, 3, 9)",tensor(53.2200)
"(1, 2, 3, 9)",tensor(63.0200)
"(0, 1, 2, 3, 9)",tensor(64.9800)
"(4, 9)",tensor(29.2600)
"(0, 4, 9)",tensor(46.7200)
"(1, 4, 9)",tensor(35.5000)
"(0, 1, 4, 9)",tensor(50.0400)
"(2, 4, 9)",tensor(37.9100)
"(0, 2, 4, 9)",tensor(42.8700)
"(1, 2, 4, 9)",tensor(43.1000)
"(0, 1, 2, 4, 9)",tensor(47.6500)
"(3, 4, 9)",tensor(47.6900)
"(0, 3, 4, 9)",tensor(63.7500)
"(1, 3, 4, 9)",tensor(51.7700)
"(0, 1, 3, 4, 9)",tensor(66.3800)
"(2, 3, 4, 9)",tensor(55.4000)
"(0, 2, 3, 4, 9)",tensor(57.7400)
"(1, 2, 3, 4, 9)",tensor(58.)
"(0, 1, 2, 3, 4, 9)",tensor(62.1800)
"(5, 9)",tensor(29.1300)
"(0, 5, 9)",tensor(37.3800)
"(1, 5, 9)",tensor(44.6400)
"(0, 1, 5, 9)",tensor(50.9100)
"(2, 5, 9)",tensor(48.1800)
"(0, 2, 5, 9)",tensor(44.1000)
"(1, 2, 5, 9)",tensor(61.5700)
"(0, 1, 2, 5, 9)",tensor(56.1300)
"(3, 5, 9)",tensor(46.4400)
"(0, 3, 5, 9)",tensor(54.0400)
"(1, 3, 5, 9)",tensor(61.3500)
"(0, 1, 3, 5, 9)",tensor(66.1400)
"(2, 3, 5, 9)",tensor(65.2100)
"(0, 2, 3, 5, 9)",tensor(59.7400)
"(1, 2, 3, 5, 9)",tensor(77.7700)
"(0, 1, 2, 3, 5, 9)",tensor(70.2800)
"(4, 5, 9)",tensor(46.8600)
"(0, 4, 5, 9)",tensor(54.3800)
"(1, 4, 5, 9)",tensor(50.4300)
"(0, 1, 4, 5, 9)",tensor(56.5300)
"(2, 4, 5, 9)",tensor(53.7300)
"(0, 2, 4, 5, 9)",tensor(51.1600)
"(1, 2, 4, 5, 9)",tensor(56.0600)
"(0, 1, 2, 4, 5, 9)",tensor(54.9000)
"(3, 4, 5, 9)",tensor(63.7100)
"(0, 3, 4, 5, 9)",tensor(70.3100)
"(1, 3, 4, 5, 9)",tensor(68.0900)
"(0, 1, 3, 4, 5, 9)",tensor(70.7600)
"(2, 3, 4, 5, 9)",tensor(70.3200)
"(0, 2, 3, 4, 5, 9)",tensor(66.4900)
"(1, 2, 3, 4, 5, 9)",tensor(71.1600)
"(0, 1, 2, 3, 4, 5, 9)",tensor(68.5100)
"(6, 9)",tensor(27.2100)
"(0, 6, 9)",tensor(35.7900)
"(1, 6, 9)",tensor(34.7200)
"(0, 1, 6, 9)",tensor(40.1700)
"(2, 6, 9)",tensor(37.6600)
"(0, 2, 6, 9)",tensor(42.8500)
"(1, 2, 6, 9)",tensor(44.1500)
"(0, 1, 2, 6, 9)",tensor(47.9200)
"(3, 6, 9)",tensor(45.6200)
"(0, 3, 6, 9)",tensor(53.5100)
"(1, 3, 6, 9)",tensor(51.1300)
"(0, 1, 3, 6, 9)",tensor(56.6400)
"(2, 3, 6, 9)",tensor(55.)
"(0, 2, 3, 6, 9)",tensor(59.1400)
"(1, 2, 3, 6, 9)",tensor(59.2100)
"(0, 1, 2, 3, 6, 9)",tensor(64.1400)
"(4, 6, 9)",tensor(35.8800)
"(0, 4, 6, 9)",tensor(42.8600)
"(1, 4, 6, 9)",tensor(41.2200)
"(0, 1, 4, 6, 9)",tensor(47.4900)
"(2, 4, 6, 9)",tensor(34.5500)
"(0, 2, 4, 6, 9)",tensor(39.9600)
"(1, 2, 4, 6, 9)",tensor(39.7300)
"(0, 1, 2, 4, 6, 9)",tensor(44.5000)
"(3, 4, 6, 9)",tensor(54.0900)
"(0, 3, 4, 6, 9)",tensor(60.)
"(1, 3, 4, 6, 9)",tensor(57.4700)
"(0, 1, 3, 4, 6, 9)",tensor(63.4400)
"(2, 3, 4, 6, 9)",tensor(51.4100)
"(0, 2, 3, 4, 6, 9)",tensor(57.5700)
"(1, 2, 3, 4, 6, 9)",tensor(55.4400)
"(0, 1, 2, 3, 4, 6, 9)",tensor(59.9500)
"(5, 6, 9)",tensor(45.3100)
"(0, 5, 6, 9)",tensor(43.7600)
"(1, 5, 6, 9)",tensor(49.8300)
"(0, 1, 5, 6, 9)",tensor(48.4500)
"(2, 5, 6, 9)",tensor(54.5900)
"(0, 2, 5, 6, 9)",tensor(48.8100)
"(1, 2, 5, 6, 9)",tensor(58.1400)
"(0, 1, 2, 5, 6, 9)",tensor(54.4500)
"(3, 5, 6, 9)",tensor(62.5200)
"(0, 3, 5, 6, 9)",tensor(58.5800)
"(1, 3, 5, 6, 9)",tensor(65.2600)
"(0, 1, 3, 5, 6, 9)",tensor(61.9200)
"(2, 3, 5, 6, 9)",tensor(69.6400)
"(0, 2, 3, 5, 6, 9)",tensor(65.1700)
"(1, 2, 3, 5, 6, 9)",tensor(73.0200)
"(0, 1, 2, 3, 5, 6, 9)",tensor(69.4300)
"(4, 5, 6, 9)",tensor(52.8900)
"(0, 4, 5, 6, 9)",tensor(51.0100)
"(1, 4, 5, 6, 9)",tensor(56.6000)
"(0, 1, 4, 5, 6, 9)",tensor(54.8300)
"(2, 4, 5, 6, 9)",tensor(49.6900)
"(0, 2, 4, 5, 6, 9)",tensor(49.6400)
"(1, 2, 4, 5, 6, 9)",tensor(52.6900)
"(0, 1, 2, 4, 5, 6, 9)",tensor(53.6100)
"(3, 4, 5, 6, 9)",tensor(69.8800)
"(0, 3, 4, 5, 6, 9)",tensor(65.5600)
"(1, 3, 4, 5, 6, 9)",tensor(70.0700)
"(0, 1, 3, 4, 5, 6, 9)",tensor(68.5600)
"(2, 3, 4, 5, 6, 9)",tensor(66.4100)
"(0, 2, 3, 4, 5, 6, 9)",tensor(64.3600)
"(1, 2, 3, 4, 5, 6, 9)",tensor(66.5700)
"(0, 1, 2, 3, 4, 5, 6, 9)",tensor(65.2900)
"(7, 9)",tensor(39.5200)
"(0, 7, 9)",tensor(47.6000)
"(1, 7, 9)",tensor(53.9700)
"(0, 1, 7, 9)",tensor(60.2200)
"(2, 7, 9)",tensor(48.)
"(0, 2, 7, 9)",tensor(45.7600)
"(1, 2, 7, 9)",tensor(61.6900)
"(0, 1, 2, 7, 9)",tensor(56.7900)
"(3, 7, 9)",tensor(47.4900)
"(0, 3, 7, 9)",tensor(56.0100)
"(1, 3, 7, 9)",tensor(60.5100)
"(0, 1, 3, 7, 9)",tensor(67.7200)
"(2, 3, 7, 9)",tensor(56.1100)
"(0, 2, 3, 7, 9)",tensor(52.7700)
"(1, 2, 3, 7, 9)",tensor(68.1600)
"(0, 1, 2, 3, 7, 9)",tensor(64.4800)
"(4, 7, 9)",tensor(46.8000)
"(0, 4, 7, 9)",tensor(54.8200)
"(1, 4, 7, 9)",tensor(49.3300)
"(0, 1, 4, 7, 9)",tensor(56.4400)
"(2, 4, 7, 9)",tensor(53.0600)
"(0, 2, 4, 7, 9)",tensor(50.0700)
"(1, 2, 4, 7, 9)",tensor(55.3500)
"(0, 1, 2, 4, 7, 9)",tensor(54.9600)
"(3, 4, 7, 9)",tensor(54.5800)
"(0, 3, 4, 7, 9)",tensor(63.1100)
"(1, 3, 4, 7, 9)",tensor(56.5000)
"(0, 1, 3, 4, 7, 9)",tensor(62.9600)
"(2, 3, 4, 7, 9)",tensor(61.8600)
"(0, 2, 3, 4, 7, 9)",tensor(57.9100)
"(1, 2, 3, 4, 7, 9)",tensor(61.3900)
"(0, 1, 2, 3, 4, 7, 9)",tensor(61.1100)
"(5, 7, 9)",tensor(47.7200)
"(0, 5, 7, 9)",tensor(52.1600)
"(1, 5, 7, 9)",tensor(61.0100)
"(0, 1, 5, 7, 9)",tensor(62.9200)
"(2, 5, 7, 9)",tensor(56.3600)
"(0, 2, 5, 7, 9)",tensor(50.9500)
"(1, 2, 5, 7, 9)",tensor(68.8300)
"(0, 1, 2, 5, 7, 9)",tensor(60.2200)
"(3, 5, 7, 9)",tensor(56.4400)
"(0, 3, 5, 7, 9)",tensor(60.9200)
"(1, 3, 5, 7, 9)",tensor(69.3700)
"(0, 1, 3, 5, 7, 9)",tensor(70.1200)
"(2, 3, 5, 7, 9)",tensor(64.8400)
"(0, 2, 3, 5, 7, 9)",tensor(59.1700)
"(1, 2, 3, 5, 7, 9)",tensor(76.3700)
"(0, 1, 2, 3, 5, 7, 9)",tensor(67.5300)
"(4, 5, 7, 9)",tensor(55.8500)
"(0, 4, 5, 7, 9)",tensor(59.4400)
"(1, 4, 5, 7, 9)",tensor(56.8100)
"(0, 1, 4, 5, 7, 9)",tensor(61.0500)
"(2, 4, 5, 7, 9)",tensor(62.5900)
"(0, 2, 4, 5, 7, 9)",tensor(54.3900)
"(1, 2, 4, 5, 7, 9)",tensor(63.7400)
"(0, 1, 2, 4, 5, 7, 9)",tensor(57.8500)
"(3, 4, 5, 7, 9)",tensor(63.9100)
"(0, 3, 4, 5, 7, 9)",tensor(68.1900)
"(1, 3, 4, 5, 7, 9)",tensor(63.2900)
"(0, 1, 3, 4, 5, 7, 9)",tensor(67.7300)
"(2, 3, 4, 5, 7, 9)",tensor(71.1200)
"(0, 2, 3, 4, 5, 7, 9)",tensor(62.5100)
"(1, 2, 3, 4, 5, 7, 9)",tensor(71.5700)
"(0, 1, 2, 3, 4, 5, 7, 9)",tensor(66.0500)
"(6, 7, 9)",tensor(56.1900)
"(0, 6, 7, 9)",tensor(53.8000)
"(1, 6, 7, 9)",tensor(58.8100)
"(0, 1, 6, 7, 9)",tensor(58.)
"(2, 6, 7, 9)",tensor(53.7900)
"(0, 2, 6, 7, 9)",tensor(50.2400)
"(1, 2, 6, 7, 9)",tensor(58.0300)
"(0, 1, 2, 6, 7, 9)",tensor(55.9600)
"(3, 6, 7, 9)",tensor(63.)
"(0, 3, 6, 7, 9)",tensor(61.9900)
"(1, 3, 6, 7, 9)",tensor(65.7500)
"(0, 1, 3, 6, 7, 9)",tensor(62.5800)
"(2, 3, 6, 7, 9)",tensor(62.2100)
"(0, 2, 3, 6, 7, 9)",tensor(58.1100)
"(1, 2, 3, 6, 7, 9)",tensor(64.8100)
"(0, 1, 2, 3, 6, 7, 9)",tensor(61.4100)
"(4, 6, 7, 9)",tensor(52.9800)
"(0, 4, 6, 7, 9)",tensor(51.9200)
"(1, 4, 6, 7, 9)",tensor(54.9600)
"(0, 1, 4, 6, 7, 9)",tensor(55.3000)
"(2, 4, 6, 7, 9)",tensor(48.4900)
"(0, 2, 4, 6, 7, 9)",tensor(48.3300)
"(1, 2, 4, 6, 7, 9)",tensor(52.6700)
"(0, 1, 2, 4, 6, 7, 9)",tensor(53.0300)
"(3, 4, 6, 7, 9)",tensor(60.5700)
"(0, 3, 4, 6, 7, 9)",tensor(59.9000)
"(1, 3, 4, 6, 7, 9)",tensor(63.6600)
"(0, 1, 3, 4, 6, 7, 9)",tensor(61.0500)
"(2, 3, 4, 6, 7, 9)",tensor(58.0400)
"(0, 2, 3, 4, 6, 7, 9)",tensor(57.3200)
"(1, 2, 3, 4, 6, 7, 9)",tensor(60.0800)
"(0, 1, 2, 3, 4, 6, 7, 9)",tensor(60.3400)
"(5, 6, 7, 9)",tensor(63.4500)
"(0, 5, 6, 7, 9)",tensor(56.9900)
"(1, 5, 6, 7, 9)",tensor(67.5900)
"(0, 1, 5, 6, 7, 9)",tensor(60.1000)
"(2, 5, 6, 7, 9)",tensor(61.5000)
"(0, 2, 5, 6, 7, 9)",tensor(55.2500)
"(1, 2, 5, 6, 7, 9)",tensor(65.3900)
"(0, 1, 2, 5, 6, 7, 9)",tensor(59.)
"(3, 5, 6, 7, 9)",tensor(71.8200)
"(0, 3, 5, 6, 7, 9)",tensor(66.0800)
"(1, 3, 5, 6, 7, 9)",tensor(74.4100)
"(0, 1, 3, 5, 6, 7, 9)",tensor(67.3900)
"(2, 3, 5, 6, 7, 9)",tensor(69.9600)
"(0, 2, 3, 5, 6, 7, 9)",tensor(63.6800)
"(1, 2, 3, 5, 6, 7, 9)",tensor(72.5800)
"(0, 1, 2, 3, 5, 6, 7, 9)",tensor(67.4000)
"(4, 5, 6, 7, 9)",tensor(60.7100)
"(0, 4, 5, 6, 7, 9)",tensor(57.6200)
"(1, 4, 5, 6, 7, 9)",tensor(63.3100)
"(0, 1, 4, 5, 6, 7, 9)",tensor(58.6300)
"(2, 4, 5, 6, 7, 9)",tensor(59.3700)
"(0, 2, 4, 5, 6, 7, 9)",tensor(54.6500)
"(1, 2, 4, 5, 6, 7, 9)",tensor(59.3900)
"(0, 1, 2, 4, 5, 6, 7, 9)",tensor(56.9700)
"(3, 4, 5, 6, 7, 9)",tensor(70.0700)
"(0, 3, 4, 5, 6, 7, 9)",tensor(65.1600)
"(1, 3, 4, 5, 6, 7, 9)",tensor(70.3100)
"(0, 1, 3, 4, 5, 6, 7, 9)",tensor(66.9500)
"(2, 3, 4, 5, 6, 7, 9)",tensor(68.1200)
"(0, 2, 3, 4, 5, 6, 7, 9)",tensor(63.3500)
"(1, 2, 3, 4, 5, 6, 7, 9)",tensor(68.6000)
"(0, 1, 2, 3, 4, 5, 6, 7, 9)",tensor(63.7200)
"(8, 9)",tensor(19.0800)
"(0, 8, 9)",tensor(36.2200)
"(1, 8, 9)",tensor(27.3000)
"(0, 1, 8, 9)",tensor(40.2800)
"(2, 8, 9)",tensor(38.7000)
"(0, 2, 8, 9)",tensor(42.6300)
"(1, 2, 8, 9)",tensor(43.5700)
"(0, 1, 2, 8, 9)",tensor(47.8900)
"(3, 8, 9)",tensor(37.1200)
"(0, 3, 8, 9)",tensor(52.7000)
"(1, 3, 8, 9)",tensor(42.3500)
"(0, 1, 3, 8, 9)",tensor(55.1200)
"(2, 3, 8, 9)",tensor(55.4800)
"(0, 2, 3, 8, 9)",tensor(56.9100)
"(1, 2, 3, 8, 9)",tensor(58.4000)
"(0, 1, 2, 3, 8, 9)",tensor(59.7500)
"(4, 8, 9)",tensor(37.3000)
"(0, 4, 8, 9)",tensor(53.8800)
"(1, 4, 8, 9)",tensor(33.5000)
"(0, 1, 4, 8, 9)",tensor(47.2600)
"(2, 4, 8, 9)",tensor(44.6500)
"(0, 2, 4, 8, 9)",tensor(48.7300)
"(1, 2, 4, 8, 9)",tensor(43.6200)
"(0, 1, 2, 4, 8, 9)",tensor(46.9700)
"(3, 4, 8, 9)",tensor(54.6600)
"(0, 3, 4, 8, 9)",tensor(68.6000)
"(1, 3, 4, 8, 9)",tensor(47.4100)
"(0, 1, 3, 4, 8, 9)",tensor(60.0400)
"(2, 3, 4, 8, 9)",tensor(61.5700)
"(0, 2, 3, 4, 8, 9)",tensor(63.8600)
"(1, 2, 3, 4, 8, 9)",tensor(54.0300)
"(0, 1, 2, 3, 4, 8, 9)",tensor(59.7300)
"(5, 8, 9)",tensor(37.1400)
"(0, 5, 8, 9)",tensor(43.9400)
"(1, 5, 8, 9)",tensor(42.0100)
"(0, 1, 5, 8, 9)",tensor(51.8700)
"(2, 5, 8, 9)",tensor(55.4600)
"(0, 2, 5, 8, 9)",tensor(50.)
"(1, 2, 5, 8, 9)",tensor(57.9300)
"(0, 1, 2, 5, 8, 9)",tensor(56.0800)
"(3, 5, 8, 9)",tensor(53.6500)
"(0, 3, 5, 8, 9)",tensor(59.9300)
"(1, 3, 5, 8, 9)",tensor(56.3800)
"(0, 1, 3, 5, 8, 9)",tensor(64.3100)
"(2, 3, 5, 8, 9)",tensor(71.0200)
"(0, 2, 3, 5, 8, 9)",tensor(64.5200)
"(1, 2, 3, 5, 8, 9)",tensor(72.0500)
"(0, 1, 2, 3, 5, 8, 9)",tensor(67.4900)
"(4, 5, 8, 9)",tensor(54.2300)
"(0, 4, 5, 8, 9)",tensor(60.4300)
"(1, 4, 5, 8, 9)",tensor(48.2800)
"(0, 1, 4, 5, 8, 9)",tensor(58.0400)
"(2, 4, 5, 8, 9)",tensor(60.6900)
"(0, 2, 4, 5, 8, 9)",tensor(56.7900)
"(1, 2, 4, 5, 8, 9)",tensor(57.6500)
"(0, 1, 2, 4, 5, 8, 9)",tensor(55.5400)
"(3, 4, 5, 8, 9)",tensor(70.6200)
"(0, 3, 4, 5, 8, 9)",tensor(77.1700)
"(1, 3, 4, 5, 8, 9)",tensor(60.5300)
"(0, 1, 3, 4, 5, 8, 9)",tensor(68.2600)
"(2, 3, 4, 5, 8, 9)",tensor(75.6900)
"(0, 2, 3, 4, 5, 8, 9)",tensor(69.8500)
"(1, 2, 3, 4, 5, 8, 9)",tensor(65.1800)
"(0, 1, 2, 3, 4, 5, 8, 9)",tensor(68.0700)
"(6, 8, 9)",tensor(36.1400)
"(0, 6, 8, 9)",tensor(42.3300)
"(1, 6, 8, 9)",tensor(34.4100)
"(0, 1, 6, 8, 9)",tensor(38.9200)
"(2, 6, 8, 9)",tensor(44.8900)
"(0, 2, 6, 8, 9)",tensor(49.4200)
"(1, 2, 6, 8, 9)",tensor(41.2200)
"(0, 1, 2, 6, 8, 9)",tensor(45.2300)
"(3, 6, 8, 9)",tensor(53.6000)
"(0, 3, 6, 8, 9)",tensor(59.2500)
"(1, 3, 6, 8, 9)",tensor(47.1600)
"(0, 1, 3, 6, 8, 9)",tensor(51.8900)
"(2, 3, 6, 8, 9)",tensor(61.1900)
"(0, 2, 3, 6, 8, 9)",tensor(63.8700)
"(1, 2, 3, 6, 8, 9)",tensor(54.6700)
"(0, 1, 2, 3, 6, 8, 9)",tensor(59.4000)
"(4, 6, 8, 9)",tensor(43.4500)
"(0, 4, 6, 8, 9)",tensor(49.8000)
"(1, 4, 6, 8, 9)",tensor(39.1600)
"(0, 1, 4, 6, 8, 9)",tensor(44.4500)
"(2, 4, 6, 8, 9)",tensor(40.9800)
"(0, 2, 4, 6, 8, 9)",tensor(46.7700)
"(1, 2, 4, 6, 8, 9)",tensor(40.1600)
"(0, 1, 2, 4, 6, 8, 9)",tensor(44.7500)
"(3, 4, 6, 8, 9)",tensor(60.1400)
"(0, 3, 4, 6, 8, 9)",tensor(64.3400)
"(1, 3, 4, 6, 8, 9)",tensor(53.7500)
"(0, 1, 3, 4, 6, 8, 9)",tensor(59.3000)
"(2, 3, 4, 6, 8, 9)",tensor(56.6100)
"(0, 2, 3, 4, 6, 8, 9)",tensor(60.4400)
"(1, 2, 3, 4, 6, 8, 9)",tensor(54.6300)
"(0, 1, 2, 3, 4, 6, 8, 9)",tensor(59.0100)
"(5, 6, 8, 9)",tensor(52.8700)
"(0, 5, 6, 8, 9)",tensor(49.2900)
"(1, 5, 6, 8, 9)",tensor(48.1800)
"(0, 1, 5, 6, 8, 9)",tensor(49.0400)
"(2, 5, 6, 8, 9)",tensor(60.8500)
"(0, 2, 5, 6, 8, 9)",tensor(55.7300)
"(1, 2, 5, 6, 8, 9)",tensor(54.2000)
"(0, 1, 2, 5, 6, 8, 9)",tensor(55.3400)
"(3, 5, 6, 8, 9)",tensor(69.0700)
"(0, 3, 5, 6, 8, 9)",tensor(64.7000)
"(1, 3, 5, 6, 8, 9)",tensor(59.7800)
"(0, 1, 3, 5, 6, 8, 9)",tensor(61.)
"(2, 3, 5, 6, 8, 9)",tensor(76.8500)
"(0, 2, 3, 5, 6, 8, 9)",tensor(69.4400)
"(1, 2, 3, 5, 6, 8, 9)",tensor(66.6300)
"(0, 1, 2, 3, 5, 6, 8, 9)",tensor(67.5500)
"(4, 5, 6, 8, 9)",tensor(59.4700)
"(0, 4, 5, 6, 8, 9)",tensor(55.6500)
"(1, 4, 5, 6, 8, 9)",tensor(51.6200)
"(0, 1, 4, 5, 6, 8, 9)",tensor(54.4300)
"(2, 4, 5, 6, 8, 9)",tensor(55.3700)
"(0, 2, 4, 5, 6, 8, 9)",tensor(53.7200)
"(1, 2, 4, 5, 6, 8, 9)",tensor(51.9600)
"(0, 1, 2, 4, 5, 6, 8, 9)",tensor(54.5700)
"(3, 4, 5, 6, 8, 9)",tensor(74.7100)
"(0, 3, 4, 5, 6, 8, 9)",tensor(69.9700)
"(1, 3, 4, 5, 6, 8, 9)",tensor(63.7000)
"(0, 1, 3, 4, 5, 6, 8, 9)",tensor(65.2900)
"(2, 3, 4, 5, 6, 8, 9)",tensor(69.5300)
"(0, 2, 3, 4, 5, 6, 8, 9)",tensor(67.5600)
"(1, 2, 3, 4, 5, 6, 8, 9)",tensor(63.5700)
"(0, 1, 2, 3, 4, 5, 6, 8, 9)",tensor(65.8700)
"(7, 8, 9)",tensor(46.6600)
"(0, 7, 8, 9)",tensor(54.1100)
"(1, 7, 8, 9)",tensor(46.9500)
"(0, 1, 7, 8, 9)",tensor(55.7100)
"(2, 7, 8, 9)",tensor(54.8400)
"(0, 2, 7, 8, 9)",tensor(50.3100)
"(1, 2, 7, 8, 9)",tensor(56.8100)
"(0, 1, 2, 7, 8, 9)",tensor(56.2300)
"(3, 7, 8, 9)",tensor(53.9900)
"(0, 3, 7, 8, 9)",tensor(61.4500)
"(1, 3, 7, 8, 9)",tensor(56.9900)
"(0, 1, 3, 7, 8, 9)",tensor(65.6500)
"(2, 3, 7, 8, 9)",tensor(60.3700)
"(0, 2, 3, 7, 8, 9)",tensor(58.3300)
"(1, 2, 3, 7, 8, 9)",tensor(66.9800)
"(0, 1, 2, 3, 7, 8, 9)",tensor(64.5200)
"(4, 7, 8, 9)",tensor(53.2400)
"(0, 4, 7, 8, 9)",tensor(60.8800)
"(1, 4, 7, 8, 9)",tensor(47.0600)
"(0, 1, 4, 7, 8, 9)",tensor(56.3100)
"(2, 4, 7, 8, 9)",tensor(59.8800)
"(0, 2, 4, 7, 8, 9)",tensor(55.6300)
"(1, 2, 4, 7, 8, 9)",tensor(54.0100)
"(0, 1, 2, 4, 7, 8, 9)",tensor(55.5400)
"(3, 4, 7, 8, 9)",tensor(59.7000)
"(0, 3, 4, 7, 8, 9)",tensor(68.5600)
"(1, 3, 4, 7, 8, 9)",tensor(56.2200)
"(0, 1, 3, 4, 7, 8, 9)",tensor(64.3600)
"(2, 3, 4, 7, 8, 9)",tensor(66.8200)
"(0, 2, 3, 4, 7, 8, 9)",tensor(60.9900)
"(1, 2, 3, 4, 7, 8, 9)",tensor(62.7900)
"(0, 1, 2, 3, 4, 7, 8, 9)",tensor(63.9300)
"(5, 7, 8, 9)",tensor(54.8400)
"(0, 5, 7, 8, 9)",tensor(59.3400)
"(1, 5, 7, 8, 9)",tensor(57.8600)
"(0, 1, 5, 7, 8, 9)",tensor(63.1500)
"(2, 5, 7, 8, 9)",tensor(62.9500)
"(0, 2, 5, 7, 8, 9)",tensor(56.1100)
"(1, 2, 5, 7, 8, 9)",tensor(67.2600)
"(0, 1, 2, 5, 7, 8, 9)",tensor(59.9200)
"(3, 5, 7, 8, 9)",tensor(61.9400)
"(0, 3, 5, 7, 8, 9)",tensor(66.3700)
"(1, 3, 5, 7, 8, 9)",tensor(67.8100)
"(0, 1, 3, 5, 7, 8, 9)",tensor(73.0300)
"(2, 3, 5, 7, 8, 9)",tensor(69.9000)
"(0, 2, 3, 5, 7, 8, 9)",tensor(61.3000)
"(1, 2, 3, 5, 7, 8, 9)",tensor(76.)
"(0, 1, 2, 3, 5, 7, 8, 9)",tensor(69.7300)
"(4, 5, 7, 8, 9)",tensor(61.1700)
"(0, 4, 5, 7, 8, 9)",tensor(65.7200)
"(1, 4, 5, 7, 8, 9)",tensor(56.2400)
"(0, 1, 4, 5, 7, 8, 9)",tensor(60.7900)
"(2, 4, 5, 7, 8, 9)",tensor(68.5200)
"(0, 2, 4, 5, 7, 8, 9)",tensor(58.8200)
"(1, 2, 4, 5, 7, 8, 9)",tensor(62.3100)
"(0, 1, 2, 4, 5, 7, 8, 9)",tensor(59.9600)
"(3, 4, 5, 7, 8, 9)",tensor(68.9700)
"(0, 3, 4, 5, 7, 8, 9)",tensor(73.2600)
"(1, 3, 4, 5, 7, 8, 9)",tensor(66.0900)
"(0, 1, 3, 4, 5, 7, 8, 9)",tensor(70.2700)
"(2, 3, 4, 5, 7, 8, 9)",tensor(74.3600)
"(0, 2, 3, 4, 5, 7, 8, 9)",tensor(66.3800)
"(1, 2, 3, 4, 5, 7, 8, 9)",tensor(72.3100)
"(0, 1, 2, 3, 4, 5, 7, 8, 9)",tensor(70.2100)
"(6, 7, 8, 9)",tensor(62.6500)
"(0, 6, 7, 8, 9)",tensor(60.3500)
"(1, 6, 7, 8, 9)",tensor(51.3400)
"(0, 1, 6, 7, 8, 9)",tensor(52.6600)
"(2, 6, 7, 8, 9)",tensor(59.8300)
"(0, 2, 6, 7, 8, 9)",tensor(55.7800)
"(1, 2, 6, 7, 8, 9)",tensor(52.8700)
"(0, 1, 2, 6, 7, 8, 9)",tensor(54.4800)
"(3, 6, 7, 8, 9)",tensor(68.6200)
"(0, 3, 6, 7, 8, 9)",tensor(64.2700)
"(1, 3, 6, 7, 8, 9)",tensor(62.9200)
"(0, 1, 3, 6, 7, 8, 9)",tensor(63.5100)
"(2, 3, 6, 7, 8, 9)",tensor(66.0900)
"(0, 2, 3, 6, 7, 8, 9)",tensor(61.5900)
"(1, 2, 3, 6, 7, 8, 9)",tensor(63.7000)
"(0, 1, 2, 3, 6, 7, 8, 9)",tensor(64.9100)
"(4, 6, 7, 8, 9)",tensor(57.8800)
"(0, 4, 6, 7, 8, 9)",tensor(55.7100)
"(1, 4, 6, 7, 8, 9)",tensor(51.6300)
"(0, 1, 4, 6, 7, 8, 9)",tensor(54.6400)
"(2, 4, 6, 7, 8, 9)",tensor(54.0500)
"(0, 2, 4, 6, 7, 8, 9)",tensor(54.3500)
"(1, 2, 4, 6, 7, 8, 9)",tensor(51.1200)
"(0, 1, 2, 4, 6, 7, 8, 9)",tensor(54.2200)
"(3, 4, 6, 7, 8, 9)",tensor(64.7700)
"(0, 3, 4, 6, 7, 8, 9)",tensor(62.6100)
"(1, 3, 4, 6, 7, 8, 9)",tensor(62.7700)
"(0, 1, 3, 4, 6, 7, 8, 9)",tensor(64.5400)
"(2, 3, 4, 6, 7, 8, 9)",tensor(62.9400)
"(0, 2, 3, 4, 6, 7, 8, 9)",tensor(61.0300)
"(1, 2, 3, 4, 6, 7, 8, 9)",tensor(61.7000)
"(0, 1, 2, 3, 4, 6, 7, 8, 9)",tensor(63.3000)
"(5, 6, 7, 8, 9)",tensor(70.0200)
"(0, 5, 6, 7, 8, 9)",tensor(64.3200)
"(1, 5, 6, 7, 8, 9)",tensor(61.1600)
"(0, 1, 5, 6, 7, 8, 9)",tensor(58.4400)
"(2, 5, 6, 7, 8, 9)",tensor(67.8400)
"(0, 2, 5, 6, 7, 8, 9)",tensor(59.4500)
"(1, 2, 5, 6, 7, 8, 9)",tensor(64.9400)
"(0, 1, 2, 5, 6, 7, 8, 9)",tensor(59.4600)
"(3, 5, 6, 7, 8, 9)",tensor(76.0200)
"(0, 3, 5, 6, 7, 8, 9)",tensor(68.1700)
"(1, 3, 5, 6, 7, 8, 9)",tensor(73.2200)
"(0, 1, 3, 5, 6, 7, 8, 9)",tensor(67.3600)
"(2, 3, 5, 6, 7, 8, 9)",tensor(74.1700)
"(0, 2, 3, 5, 6, 7, 8, 9)",tensor(66.6100)
"(1, 2, 3, 5, 6, 7, 8, 9)",tensor(73.6600)
"(0, 1, 2, 3, 5, 6, 7, 8, 9)",tensor(69.6100)
"(4, 5, 6, 7, 8, 9)",tensor(66.4400)
"(0, 4, 5, 6, 7, 8, 9)",tensor(60.2000)
"(1, 4, 5, 6, 7, 8, 9)",tensor(60.6200)
"(0, 1, 4, 5, 6, 7, 8, 9)",tensor(59.3600)
"(2, 4, 5, 6, 7, 8, 9)",tensor(62.9700)
"(0, 2, 4, 5, 6, 7, 8, 9)",tensor(56.7700)
"(1, 2, 4, 5, 6, 7, 8, 9)",tensor(59.6100)
"(0, 1, 2, 4, 5, 6, 7, 8, 9)",tensor(59.9400)
"(3, 4, 5, 6, 7, 8, 9)",tensor(73.1200)
"(0, 3, 4, 5, 6, 7, 8, 9)",tensor(68.0500)
"(1, 3, 4, 5, 6, 7, 8, 9)",tensor(70.5200)
"(0, 1, 3, 4, 5, 6, 7, 8, 9)",tensor(67.5700)
"(2, 3, 4, 5, 6, 7, 8, 9)",tensor(69.7100)
"(0, 2, 3, 4, 5, 6, 7, 8, 9)",tensor(65.6400)
"(1, 2, 3, 4, 5, 6, 7, 8, 9)",tensor(69.5300)
"(0, 1, 2, 3, 4, 5, 6, 7, 8, 9)",tensor(67.6500)
